data_subject_id,consent_violation,retention_violation
Customer10433,No,No
Customer19600,No,No
Customer83863,No,No
Customer26542,No,No
Customer15594,No,No
Customer18495,No,No
Customer41316,No,No
Customer34192,No,No
Customer48350,No,No
Customer41395,No,No
Customer72423,No,No
Customer69653,Yes,No
Customer01226,No,No
Customer84801,No,No
Customer51462,No,No
Customer28148,No,Yes
Customer88095,No,No
Customer30391,No,No
Customer82278,No,No
Customer38346,Yes,No
Customer71331,No,No
Customer01031,No,No
Customer47382,No,No
Customer76311,No,No
Customer01065,No,Yes
Customer87262,No,No
Customer78108,No,No
Customer26773,No,Yes
Customer64746,No,No
Customer23430,No,No
Customer00978,Yes,No
Customer12191,No,No
Customer39909,No,No
Customer43534,No,No
Customer10799,Yes,No
Customer42513,No,No
Customer49808,No,Yes
Customer41182,No,No
Customer48740,No,No
Customer05242,No,No
Customer01128,No,No
Customer62045,Yes,No
Customer31586,No,No
Customer22602,No,No
Customer34216,No,No
Customer54330,No,No
Customer45868,No,No
Customer29401,No,No
Customer69816,No,No
Customer60883,No,No
Customer95148,No,No
Customer48236,No,No
Customer99468,No,No
Customer99577,No,No
Customer21489,No,No
Customer32003,Yes,No
Customer93676,No,No
Customer16328,No,No
Customer72788,No,No
Customer86872,No,No
Customer34873,No,No
Customer45581,No,Yes
Customer31665,No,No
Customer69096,No,No
Customer68893,No,No
Customer65627,Yes,No
Customer99016,No,No
Customer65375,No,No
Customer41708,No,Yes
Customer00330,No,No
Customer19374,No,No
Customer12419,No,No
Customer63193,No,No
Customer19058,No,No
Customer50671,No,No
Customer26284,No,No
Customer69453,No,No
Customer37996,No,No
Customer73545,No,No
Customer31367,No,No
Customer77014,No,No
Customer57885,No,No
Customer74443,No,No
Customer82337,No,No
Customer34352,No,No
Customer08427,No,No
Customer77520,No,No
Customer67190,No,No
Customer31869,No,No
Customer77496,No,No
Customer13341,No,No
Customer06797,No,No
Customer71349,No,No
Customer32421,No,No
Customer47174,No,No
Customer71906,No,No
Customer99049,No,No
Customer74296,No,No
Customer56551,No,No
Customer46807,No,No
Customer68087,No,No
Customer77034,No,No
Customer71093,No,No
Customer61317,Yes,No
Customer48467,Yes,No
Customer63982,No,No
Customer58404,No,No
Customer72787,No,No
Customer75339,No,No
Customer76627,Yes,No
Customer51718,Yes,No
Customer21745,No,No
Customer86578,No,No
Customer43161,No,No
Customer40050,No,No
Customer86922,No,No
Customer79237,No,No
Customer74821,No,No
Customer64743,Yes,No
Customer95944,No,No
Customer09743,No,Yes
Customer94210,No,No
Customer21456,No,No
Customer88424,No,No
Customer51712,No,No
Customer68516,No,No
Customer49651,No,No
Customer59317,Yes,No
Customer20047,No,No
Customer67586,No,No
Customer17964,No,No
Customer35158,No,No
Customer31713,No,No
Customer32931,No,No
Customer35290,No,No
Customer42102,No,No
Customer24026,No,No
Customer58917,No,No
Customer84700,Yes,No
Customer77115,No,No
Customer98569,No,No
Customer11836,No,No
Customer66156,No,No
Customer71111,No,No
Customer09885,No,No
Customer60494,No,No
Customer73158,No,No
Customer89980,No,No
Customer45502,No,No
Customer20183,No,No
Customer45991,No,No
Customer01476,No,No
Customer81561,No,No
Customer03690,No,No
Customer24451,No,No
Customer83885,No,No
Customer15969,No,No
Customer05297,No,Yes
Customer36968,No,No
Customer52181,No,No
Customer52312,No,No
Customer12779,No,No
Customer95527,No,No
Customer90581,No,No
Customer41199,No,No
Customer07935,No,No
Customer71518,No,No
Customer78892,No,No
Customer59051,No,No
Customer49251,No,No
Customer62914,No,No
Customer81685,No,No
Customer57332,No,No
Customer88805,No,No
Customer22927,No,No
Customer79473,No,No
Customer35977,No,No
Customer23924,No,No
Customer18141,No,No
Customer26137,No,No
Customer85361,No,Yes
Customer52204,Yes,No
Customer77901,No,No
Customer98614,No,No
Customer97117,No,No
Customer32460,No,No
Customer18518,No,No
Customer70654,No,No
Customer31952,No,No
Customer27722,No,No
Customer03054,No,No
Customer34505,No,No
Customer76527,No,No
Customer41616,No,No
Customer11544,No,No
Customer57059,Yes,No
Customer16582,Yes,No
Customer70213,No,No
Customer09275,No,No
Customer56543,Yes,No
