data_subject_id,consent_status,collection_date,retention_period,record_status
Customer10433,Yes,2022-08-23,5 years,Active
Customer19600,Yes,2023-10-01,5 years,Active
Customer83863,Yes,2024-02-20,7 years,Active
Customer26542,Yes,2024-08-19,2 years,Inactive
Customer15594,Yes,2025-09-05,5 years,Active
Customer18495,Yes,2022-05-13,1 year,Inactive
Customer41316,Yes,2024-11-15,2 years,Active
Customer34192,Yes,2023-11-08,2 years,Inactive
Customer48350,Yes,2022-01-16,7 years,Active
Customer41395,Yes,2026-01-07,3 years,Active
Customer72423,Yes,2026-05-10,3 years,Active
Customer69653,No,2022-12-12,5 years,Active
Customer01226,Yes,2025-01-16,3 years,Active
Customer84801,Yes,2026-05-04,7 years,Inactive
Customer51462,Yes,2024-01-05,90 days,Inactive
Customer28148,Yes,2023-01-26,3 years,Active
Customer88095,Yes,2022-09-21,6 months,Inactive
Customer30391,Yes,2025-11-26,7 years,Inactive
Customer82278,Yes,2026-04-05,7 years,Active
Customer38346,No,2024-12-12,3 years,Active
Customer71331,Yes,2026-06-25,2 years,Active
Customer01031,No,2024-07-31,1 year,Inactive
Customer47382,Yes,2026-08-18,5 years,Active
Customer76311,Yes,2024-10-13,3 years,Active
Customer01065,Yes,2022-09-13,2 years,Active
Customer87262,Yes,2023-11-24,7 years,Active
Customer78108,Yes,2022-07-25,6 months,Inactive
Customer26773,Yes,2022-04-09,2 years,Active
Customer64746,Yes,2026-07-01,5 years,Active
Customer23430,Yes,2026-05-20,1 year,Active
Customer00978,No,2026-04-16,2 years,Active
Customer12191,Yes,2023-10-09,3 years,Active
Customer39909,Yes,2026-09-26,5 years,Active
Customer43534,Yes,2024-04-28,5 years,Inactive
Customer10799,No,2022-05-24,5 years,Active
Customer42513,Yes,2023-02-11,3 years,Inactive
Customer49808,Yes,2022-08-26,6 months,Active
Customer41182,Yes,2023-07-25,5 years,Active
Customer48740,Yes,2025-05-17,7 years,Active
Customer05242,Yes,2026-06-19,5 years,Active
Customer01128,Yes,2024-11-29,5 years,Active
Customer62045,No,2022-02-09,7 years,Active
Customer31586,No,2023-02-01,6 months,Inactive
Customer22602,Yes,2024-08-06,7 years,Active
Customer34216,Yes,2025-10-10,2 years,Active
Customer54330,Yes,2025-02-27,3 years,Active
Customer45868,Yes,2022-01-02,2 years,Inactive
Customer29401,Yes,2024-09-17,5 years,Active
Customer69816,No,2023-05-22,3 years,Inactive
Customer60883,Yes,2022-05-14,6 months,Inactive
Customer95148,Yes,2025-03-30,3 years,Active
Customer48236,Yes,2024-12-29,5 years,Active
Customer99468,Yes,2024-05-10,3 years,Active
Customer99577,Yes,2023-08-03,5 years,Active
Customer21489,Yes,2023-10-08,5 years,Active
Customer32003,No,2022-05-23,5 years,Active
Customer93676,Yes,2021-10-26,7 years,Inactive
Customer16328,Yes,2026-07-06,2 years,Active
Customer72788,Yes,2025-07-15,5 years,Active
Customer86872,Yes,2025-10-22,5 years,Inactive
Customer34873,Yes,2022-06-06,5 years,Active
Customer45581,Yes,2023-09-27,3 years,Active
Customer31665,Yes,2025-04-22,1 year,Inactive
Customer69096,Yes,2024-10-05,3 years,Active
Customer68893,Yes,2024-02-03,3 years,Active
Customer65627,No,2026-04-25,1 year,Active
Customer99016,Yes,2025-09-12,2 years,Active
Customer65375,Yes,2024-12-29,3 years,Active
Customer41708,Yes,2024-09-30,2 years,Active
Customer00330,Yes,2023-10-20,2 years,Inactive
Customer19374,Yes,2023-03-14,5 years,Inactive
Customer12419,Yes,2024-06-04,5 years,Active
Customer63193,Yes,2024-05-02,7 years,Active
Customer19058,Yes,2024-12-03,1 year,Inactive
Customer50671,Yes,2024-11-07,5 years,Active
Customer26284,Yes,2026-05-08,7 years,Active
Customer69453,Yes,2022-07-05,3 years,Inactive
Customer37996,Yes,2025-12-22,7 years,Active
Customer73545,Yes,2024-02-14,5 years,Active
Customer31367,Yes,2023-10-25,5 years,Active
Customer77014,Yes,2023-11-03,3 years,Active
Customer57885,Yes,2026-06-14,3 years,Active
Customer74443,Yes,2023-05-30,3 years,Inactive
Customer82337,Yes,2026-03-26,5 years,Active
Customer34352,Yes,2026-04-25,2 years,Active
Customer08427,Yes,2021-11-16,5 years,Active
Customer77520,Yes,2025-11-01,2 years,Active
Customer67190,Yes,2026-07-23,6 months,Active
Customer31869,Yes,2023-09-10,7 years,Active
Customer77496,Yes,2022-04-14,5 years,Active
Customer13341,Yes,2023-04-02,5 years,Active
Customer06797,Yes,2023-09-28,3 years,Inactive
Customer71349,Yes,2023-06-15,3 years,Inactive
Customer32421,Yes,2024-05-21,5 years,Active
Customer47174,Yes,2024-02-01,5 years,Active
Customer71906,Yes,2023-11-25,1 year,Inactive
Customer99049,Yes,2023-04-06,5 years,Active
Customer74296,Yes,2025-12-14,90 days,Inactive
Customer56551,Yes,2024-07-29,3 years,Active
Customer46807,Yes,2023-12-02,3 years,Inactive
Customer68087,Yes,2023-05-14,5 years,Active
Customer77034,Yes,2024-03-21,3 years,Active
Customer71093,Yes,2024-05-31,5 years,Active
Customer61317,No,2023-01-30,5 years,Active
Customer48467,No,2023-11-05,5 years,Active
Customer63982,Yes,2024-02-14,7 years,Active
Customer58404,Yes,2026-10-06,5 years,Active
Customer72787,Yes,2026-06-19,7 years,Active
Customer75339,Yes,2025-04-07,1 year,Inactive
Customer76627,No,2022-11-05,5 years,Active
Customer51718,No,2021-11-25,5 years,Active
Customer21745,Yes,2025-02-24,5 years,Active
Customer86578,Yes,2022-05-09,2 years,Inactive
Customer43161,Yes,2022-08-17,3 years,Inactive
Customer40050,Yes,2024-12-16,3 years,Active
Customer86922,Yes,2025-01-09,5 years,Active
Customer79237,Yes,2025-09-05,3 years,Active
Customer74821,Yes,2024-09-16,90 days,Inactive
Customer64743,No,2025-11-18,2 years,Active
Customer95944,Yes,2025-02-19,3 years,Active
Customer09743,Yes,2024-10-07,2 years,Active
Customer94210,Yes,2025-07-09,1 year,Inactive
Customer21456,Yes,2022-11-23,7 years,Active
Customer88424,No,2025-11-14,90 days,Inactive
Customer51712,Yes,2023-09-09,7 years,Active
Customer68516,Yes,2026-05-03,2 years,Active
Customer49651,Yes,2025-10-12,1 year,Active
Customer59317,No,2024-05-04,5 years,Active
Customer20047,Yes,2023-10-08,7 years,Active
Customer67586,Yes,2023-02-01,7 years,Active
Customer17964,Yes,2024-12-03,2 years,Active
Customer35158,No,2024-10-27,1 year,Inactive
Customer31713,Yes,2021-12-14,1 year,Inactive
Customer32931,Yes,2026-06-26,2 years,Active
Customer35290,Yes,2023-01-01,90 days,Inactive
Customer42102,Yes,2023-10-18,5 years,Active
Customer24026,Yes,2022-04-24,5 years,Inactive
Customer58917,Yes,2022-02-20,5 years,Active
Customer84700,No,2025-03-09,3 years,Active
Customer77115,Yes,2022-05-01,2 years,Inactive
Customer98569,Yes,2025-08-18,5 years,Active
Customer11836,Yes,2023-09-18,3 years,Inactive
Customer66156,Yes,2023-12-09,3 years,Active
Customer71111,Yes,2024-12-09,7 years,Active
Customer09885,Yes,2025-04-07,3 years,Active
Customer60494,Yes,2026-09-08,5 years,Active
Customer73158,Yes,2024-02-21,5 years,Active
Customer89980,Yes,2024-01-17,1 year,Inactive
Customer45502,Yes,2026-08-03,5 years,Active
Customer20183,Yes,2025-08-18,3 years,Active
Customer45991,No,2023-02-04,2 years,Inactive
Customer01476,Yes,2025-07-13,3 years,Active
Customer81561,Yes,2025-11-28,5 years,Active
Customer03690,Yes,2024-05-02,6 months,Inactive
Customer24451,Yes,2025-06-07,2 years,Active
Customer83885,Yes,2022-02-17,3 years,Inactive
Customer15969,Yes,2025-04-28,3 years,Active
Customer05297,Yes,2024-11-06,1 year,Active
Customer36968,Yes,2024-05-29,5 years,Active
Customer52181,Yes,2023-06-03,6 months,Inactive
Customer52312,Yes,2023-04-01,5 years,Inactive
Customer12779,Yes,2025-08-03,5 years,Active
Customer95527,Yes,2025-07-13,5 years,Active
Customer90581,Yes,2025-08-13,1 year,Inactive
Customer41199,Yes,2025-09-15,5 years,Active
Customer07935,Yes,2026-01-13,2 years,Active
Customer71518,Yes,2022-02-07,2 years,Inactive
Customer78892,Yes,2024-03-05,3 years,Inactive
Customer59051,Yes,2026-07-08,5 years,Active
Customer49251,Yes,2022-12-22,6 months,Inactive
Customer62914,Yes,2024-07-25,7 years,Active
Customer81685,Yes,2024-05-25,2 years,Inactive
Customer57332,Yes,2024-04-14,7 years,Active
Customer88805,Yes,2022-11-20,5 years,Active
Customer22927,Yes,2024-11-13,5 years,Active
Customer79473,Yes,2024-05-27,90 days,Inactive
Customer35977,Yes,2025-01-07,5 years,Active
Customer23924,Yes,2025-11-10,7 years,Active
Customer18141,Yes,2024-02-03,3 years,Active
Customer26137,No,2021-12-30,3 years,Inactive
Customer85361,Yes,2022-01-04,3 years,Active
Customer52204,No,2025-10-15,5 years,Active
Customer77901,Yes,2023-08-10,7 years,Active
Customer98614,Yes,2022-10-22,1 year,Inactive
Customer97117,Yes,2021-11-29,5 years,Active
Customer32460,Yes,2023-10-26,5 years,Active
Customer18518,Yes,2026-02-02,5 years,Active
Customer70654,Yes,2024-10-22,7 years,Active
Customer31952,Yes,2026-06-01,3 years,Active
Customer27722,Yes,2025-08-30,1 year,Inactive
Customer03054,Yes,2026-05-23,5 years,Active
Customer34505,Yes,2024-11-25,3 years,Active
Customer76527,Yes,2024-11-23,6 months,Inactive
Customer41616,Yes,2023-04-22,5 years,Active
Customer11544,Yes,2025-05-24,2 years,Active
Customer57059,No,2024-02-09,5 years,Active
Customer16582,No,2022-12-26,7 years,Active
Customer70213,Yes,2024-11-20,3 years,Active
Customer09275,Yes,2022-06-04,5 years,Active
Customer56543,No,2021-12-28,5 years,Active
